ds,yhat,yhat_lower,yhat_upper
2018-01-01,4.032046735349253,1.3040283811200197,6.73122602479267
2018-01-08,4.357373052858079,1.6826159342106648,6.996999395636523
2018-01-15,4.720875134712893,2.128564794085104,7.363877146243723
2018-01-22,4.896713755331151,2.3861834687676926,7.658949802950118
2018-01-29,4.9743032958639795,2.233947567826903,7.454283158574352
2018-02-05,5.201643571948412,2.6386558316016675,7.864189415245372
2018-02-12,5.6106883148060405,2.9038414508064267,8.19501856514414
2018-02-19,5.874783419745962,3.1215185891874873,8.541864650614128
2018-02-26,5.610631645110882,3.0964897672781317,8.370664095184376
2018-03-05,4.822380145668302,2.0670603405280925,7.4816805990517405
2018-03-12,3.9871982014771836,1.3607243394940403,6.775204002940475
2018-03-19,3.6528227867960386,0.8449464914128585,6.320471404352811
2018-03-26,3.952658952698091,1.350198456375927,6.575819656661846
2018-04-02,4.535754045811277,2.061417049593028,7.13066467104669
2018-04-09,4.953556727935104,2.2662457628231225,7.57218237033252
2018-04-16,5.063867784081662,2.089336666509351,7.90475715106679
2018-04-23,5.041732096632776,2.3159062520458065,7.750755514491964
2018-04-30,5.062464452171965,2.466574908828327,7.882732908930572
2018-05-07,5.075301477372765,2.48326255738074,7.740705332555956
2018-05-14,4.924954193539088,2.1287051969136463,7.714105280966116
2018-05-21,4.63054106795315,1.9144787382768849,7.554890175503908
2018-05-28,4.443963292784647,1.7101097649187653,7.132230620747545
2018-06-04,4.590544872818242,1.8978646335919835,7.3026264299015375
2018-06-11,4.988416607621845,2.282077876676889,7.639406948172394
2018-06-18,5.279957533522175,2.5220443457997948,8.150989164785127
2018-06-25,5.158902033682108,2.611142382711874,7.923665085419463
2018-07-02,4.656048250791121,2.1120625150647294,7.238067509664346
2018-07-09,4.106828068416735,1.389978297828542,7.063642625445944
2018-07-16,3.8632506241670104,1.393305761784347,6.717026678998288
2018-07-23,4.040361786682263,1.206710886761107,6.6867753308693665
2018-07-30,4.493024779552819,1.8926888686484291,7.106421102099504
2018-08-06,4.969523267200981,2.166519922057876,7.724513435270247
2018-08-13,5.270415523705172,2.6245433015207325,7.907649267345278
2018-08-20,5.320338322816321,2.582261529428104,8.030443189720069
2018-08-27,5.172024002459419,2.4985340302133365,7.9590928778298204
2018-09-03,4.972166303704702,2.380548342924286,7.674172163249287
2018-09-10,4.881498117657623,2.1751818407659815,7.521801090024022
2018-09-17,4.96658823170185,2.235679377134413,7.516104830147007
2018-09-24,5.14614788473527,2.453171604376802,7.762343022701646
2018-10-01,5.2593293725377475,2.679317887140048,8.05513938535929
2018-10-08,5.205433056080669,2.4416669793576555,7.769940593459892
2018-10-15,5.020796623103454,2.3910438742511864,7.832809057267291
2018-10-22,4.826461029355013,2.143813710491488,7.54426418403162
2018-10-29,4.72348800610265,2.015893626858014,7.409464428882757
2018-11-05,4.75062444183696,1.7942550831283244,7.442478822726036
2018-11-12,4.90971477804664,2.1081215124660218,7.763042654614869
2018-11-19,5.1688372968726854,2.4805611072896907,8.069657973474218
2018-11-26,5.413992675287838,2.6363643909566346,8.227292386874772
2018-12-03,5.450027722580873,2.7689770532133613,8.033818681261215
2018-12-10,5.13884226951989,2.3324576145107443,7.734381901761609
2018-12-17,4.577005665805105,1.9918400148255457,7.456048423307872
2018-12-24,4.092018949906373,1.3222876101994054,6.661001524492232
2018-12-31,3.9879686424310528,1.472993995331641,6.552164651005074
2019-01-07,4.268931937581438,1.4707912378847061,6.874935537376309
2019-01-14,4.647905933715127,2.007274692562965,7.321818640554925
2019-01-21,4.859221487589111,2.2475770553628056,7.488520439069764
2019-01-28,4.935612688814395,2.1466223694055797,7.579379109354043
2019-02-04,5.12250482446256,2.40726910975983,7.957654339469795
2019-02-11,5.512754785475676,2.745085202500702,8.08207541890772
2019-02-18,5.8343641135939075,3.135163747625906,8.618131512946531
2019-02-25,5.680285463156824,2.965863350754377,8.599715744413071
2019-03-04,4.964140704752763,2.301052324311666,7.716292988959059
2019-03-11,4.095256159618185,1.3523243551395858,6.650374163932752
2019-03-18,3.64739595905741,0.9277258367434735,6.4744554571691
2019-03-25,3.8482040770228045,1.3461145413290025,6.655190641773125
2019-04-01,4.41519074110007,1.632858608244649,7.026122426491794
2019-04-08,4.882747982516741,2.206553716425981,7.712889732047371
2019-04-15,5.0403756714001355,2.449653080419772,7.873293972713269
2019-04-22,5.02441750529295,2.5031249284983885,7.866310297981181
2019-04-29,5.034243850423668,2.2668646144444877,7.767504129686081
2019-05-06,5.060605325002912,2.1778410916764663,7.870167916121902
2019-05-13,4.946339104842144,2.141112758365808,7.564120866206291
2019-05-20,4.665020397747481,1.9631530920072542,7.5873413408624995
2019-05-27,4.4381167616884145,1.790033289838183,7.2695781568192
2019-06-03,4.520140779217557,1.777560560676937,7.107939016709087
2019-06-10,4.893182149097936,2.2568000547928295,7.394567480446459
2019-06-17,5.231320212853798,2.507532666432201,7.908961750601591
2019-06-24,5.193234960429777,2.581476662455976,7.852854341685436
2019-07-01,4.741585700942713,2.1262224873916344,7.496860489197879
2019-07-08,4.173296531366795,1.3313540479361266,6.973387596493245
2019-07-15,3.859394702333099,1.3239598972615478,6.782567667301854
2019-07-22,3.9655544398202314,1.3767798989170932,6.71267967229637
2019-07-29,4.385153710520795,1.6312198326070082,7.181945119637943
2019-08-05,4.873000225063361,1.9754978102628007,7.459802185969077
2019-08-12,5.2132613055742345,2.527766178523265,7.948022276461855
2019-08-19,5.30719741625306,2.6092472458517637,8.04667199823378
2019-08-26,5.185977535062676,2.3699087844789966,7.844383092246771
2019-09-02,4.983355813075632,2.325829488767231,7.742201077893155
2019-09-09,4.8647842924521925,2.147431669259909,7.639556184851708
2019-09-16,4.920121549103514,2.2793095177169143,7.7174826264763245
2019-09-23,5.093362903270355,2.3795105413011615,7.87185295292302
2019-09-30,5.228680060274338,2.4540023110767173,8.12316952665429
2019-10-07,5.205998015619965,2.59246346254058,8.083376843203972
2019-10-14,5.037518864687377,2.242927345833559,7.750955677084756
2019-10-21,4.836639835526924,2.1775613661477227,7.534850933153319
2019-10-28,4.713368783094798,1.8452442520013979,7.510738569352861
2019-11-04,4.716477533690101,2.111893930285943,7.22812981937796
2019-11-11,4.852329547400409,2.257722898451759,7.532826856801373
2019-11-18,5.097916502184872,2.4271443966340853,7.858052083468089
2019-11-25,5.3574848336436895,2.6193307826636723,7.909637942012888
2019-12-02,5.444958056068813,2.752055254036867,8.14402152714769
2019-12-09,5.198001992279413,2.509644614431531,7.7764262680719565
2019-12-16,4.663576021895751,2.0147971451489353,7.287151807018058
2019-12-23,4.139577554973828,1.4895606097397809,6.909457906294308
2019-12-30,3.9572177816985175,1.2512921237961634,6.678153880358192
2020-01-06,4.184116475491928,1.4944239406547026,6.76624827975701
2020-01-13,4.569137845975264,1.715352867388655,7.201005215080199
2020-01-20,4.816924414215537,2.1747751775419566,7.545472601137408
2020-01-27,4.901034551913316,2.2100906688812874,7.5298959360133555
2020-02-03,5.051418729986555,2.5305534394487896,7.745596967031081
2020-02-10,5.413700265508572,2.75402009396855,8.198440796028969
2020-02-17,5.778038196077883,2.9572416085742805,8.395704125577344
2020-02-24,5.729851523521312,3.308891384333814,8.377089988095822
2020-03-02,5.099230718381468,2.2621743175251687,7.853669690386711
2020-03-09,4.216694901983429,1.5094224949025408,6.996763952263914
2020-03-16,3.6640004072290417,0.9694800476252541,6.373298266829221
2020-03-23,3.7566148278594698,1.1253737966388937,6.54832739306839
2020-03-30,4.291507057976008,1.5789142398503804,6.801191021306336
2020-04-06,4.801468109654054,2.003278785993251,7.50976825954342
2020-04-13,5.011242391147552,2.276890634916074,7.720811582099926
2020-04-20,5.008572697674016,2.349588022416411,7.695933649980179
2020-04-27,5.007081639625621,2.116565659946454,7.605541770559109
2020-05-04,5.040989653723804,2.3432210074775734,7.710851156264155
2020-05-11,4.961302383846701,2.2553626655187697,7.830820522706587
2020-05-18,4.700666281675514,2.2000161328708923,7.406836397212526
2020-05-25,4.442790458373178,1.869877265971186,7.124048936534209
2020-06-01,4.460327898459936,1.5471218233418194,7.123159322236561
2020-06-08,4.797503504098316,2.203549119060724,7.618116951955387
2020-06-15,5.170059477651924,2.4352267159460528,7.831382081222684
2020-06-22,5.213006718310971,2.3509880783478336,7.875653307252921
2020-06-29,4.822367525945518,2.1640336704061287,7.627950698085441
2020-07-06,4.247774777102743,1.7176803971408499,7.198854202894941
2020-07-13,3.8695560948872045,1.0515101571246543,6.556652278788242
2020-07-20,3.9015421117262803,1.2844598461891703,6.7027202413408995
2020-07-27,4.280075041531122,1.5959238733310548,7.030874770653983
2020-08-03,4.772090613068428,1.9685364469457658,7.324984236044418
2020-08-10,5.148235010651074,2.308553094465942,7.828118356833897
2020-08-17,5.286875398567057,2.530433346415218,8.109645287773576
2020-08-24,5.196959057678385,2.454880875431047,7.844632293854027
2020-08-31,4.997160790738821,2.173871893503536,7.875964367018293
2020-09-07,4.853987225058738,2.1720809297682693,7.582742664823719
2020-09-14,4.877907999219359,2.1275978313798993,7.328235642793067
2020-09-21,5.039527497728153,2.4507628302392837,7.62304527635461
2020-09-28,5.192696555939895,2.4748558334370716,8.188032032905399
2020-10-05,5.2014647021751745,2.4379623735249756,7.951751957184917
2020-10-12,5.052937195939046,2.371835323344176,7.903025471907032
2020-10-19,4.849228546897663,2.2460137986294906,7.411907070764579
2020-10-26,4.707291989461024,2.0034173948036607,7.332741132264438
2020-11-02,4.686713619192696,2.2521679324426103,7.392431904550485
2020-11-09,4.79892900915696,1.934620636843343,7.640186843102886
2020-11-16,5.028137150615975,2.5613387739321563,7.715677533485367
2020-11-23,5.295769976894893,2.363578782619284,7.788457874334593
2020-11-30,5.428535603671548,2.7636818055529795,8.145987559380137
2020-12-07,5.246621755653499,2.3947817248053997,7.855221818124602
2020-12-14,4.749488162433111,2.2192028952087615,7.423328659236534
2020-12-21,4.198228828049475,1.53839266807659,7.096480248900142
2020-12-28,3.9405371708519046,1.335851621342305,6.698184083070838
2021-01-04,4.105009281331854,1.2542254316517079,7.011497836399516
2021-01-11,4.4856800997586594,1.7429199542639169,7.158028356165842
2021-01-18,4.76881844927923,1.8578937010164374,7.485537540214977
2021-01-25,4.868921860980305,1.9321788127018695,7.429431123175489
2021-02-01,4.988560860615688,2.4283986252253733,7.9043564177812975
2021-02-08,5.315992714980299,2.71994246398036,8.058182207959678
2021-02-15,5.708174993250166,3.0865273407680225,8.47923622647064
2021-02-22,5.75883130883341,2.8703142521499423,8.410408524190032
2021-03-01,5.2242856335863594,2.517147313811843,8.001309464494472
2021-03-08,4.3482617697447905,1.7723239870459755,7.055220498919019
2021-03-15,3.702375093703404,0.9261887486356752,6.542118786445046
2021-03-22,3.680453113808173,0.888623885446739,6.37400794946999
2021-03-29,4.167288454790974,1.238356115732125,6.871607904193314
2021-04-05,4.71006068373997,2.1667048695688282,7.270394943897684
2021-04-12,4.975085757792943,2.3545709113660105,7.526834620832381
2021-04-19,4.993316443814436,2.3080977424821345,7.610379184131633
2021-04-26,4.981680913013132,2.3439681853788916,7.583058403492288
2021-05-03,5.017506902426613,2.2261207181639526,7.68991067848906
2021-05-10,4.969444905569714,2.3462563084829404,7.668740583033691
2021-05-17,4.735654615624453,2.0674826610908705,7.272805256041612
2021-05-24,4.4566976962401705,1.7758061153617217,7.312665173776564
2021-05-31,4.41199195494892,1.6035908067119675,7.236437965951157
2021-06-07,4.703816664147107,2.132960067274593,7.2779054874875735
2021-06-14,5.097887884538234,2.2990218228276293,7.644012198991081
2021-06-21,5.217637473071374,2.6055483537903728,7.8126944085309855
2021-06-28,4.896120713076423,2.3564741092135972,7.777000999693233
2021-07-05,4.32823928812871,1.7348649392648927,7.236488268730682
2021-07-12,3.8933269962381973,0.9943632355264431,6.43550796408956
2021-07-19,3.8493824558996623,1.2560935116051737,6.613370686827026
2021-07-26,4.179277322718516,1.7073979783389468,6.8894827886036225
2021-08-02,4.66786334954325,2.1635465671082796,7.349010623302808
2021-08-09,5.075681159722617,2.4200431415752637,7.933013517349615
2021-08-16,5.258989243995826,2.5590713540685237,7.905883249699423
2021-08-23,5.204043472550053,2.6691268082836475,8.234477775421755
2021-08-30,5.01262930277413,2.2048233064692244,7.774814991409203
2021-09-06,4.848821567439577,2.117956672949814,7.559920604938244
2021-09-13,4.840591847783815,2.078088688716328,7.393533040630282
2021-09-20,4.985664469629302,2.165936293345972,7.743850152307861
2021-09-27,5.15188187209767,2.5396743939895123,7.959952973082275
2021-10-04,5.19146517277091,2.535918289484826,8.041834591017597
2021-10-11,5.066281652479203,2.4088856021397578,7.862574248425407
2021-10-18,4.8636947652239515,2.193574430215996,7.281004966203784
2021-10-25,4.705086939824933,2.105536846708214,7.499641987281301
2021-11-01,4.661293961019017,1.872358485344781,7.440787415472877
2021-11-08,4.749677747711202,2.2539012725664174,7.5952804704857355
2021-11-15,4.9602747333700385,2.2824536176411763,7.64407110554287
2021-11-22,5.23016363326614,2.7046300552662115,8.165884981590377
2021-11-29,5.401574760760722,2.625013453544786,7.990061882052522
2021-12-06,5.283876615191963,2.479485957465212,7.761367524105626
2021-12-13,4.832532934902452,2.1002581503300535,7.411068726212088
2021-12-20,4.26621400688674,1.6471933668376983,7.021321355990393
2021-12-27,3.938266057494839,1.0636379073779945,6.351047313959192
2022-01-03,4.03360402264383,1.2269113983873519,6.744065776376403
2022-01-10,4.398961811690091,1.7958970534014156,7.187670473262272
2022-01-17,4.714243622978619,2.0165191723381373,7.459427750415316
2022-01-24,4.837556345740609,2.1490464406680863,7.347104980203627
2022-01-31,4.933658291626879,2.1225903371985906,7.5323135753166275
2022-02-07,5.221791170545646,2.460979702305452,7.899979788126327
2022-02-14,5.627392440784955,3.126055851136077,8.316978352667535
2022-02-21,5.7673448481179905,3.12088794640827,8.423095174921809
2022-02-28,5.3363053086284244,2.649045531735486,8.307597217874367
2022-03-07,4.486432813585924,1.9992030065637232,7.150976609773712
2022-03-14,3.761634020469982,0.9978642099701752,6.502345867028045
2022-03-21,3.621930415142852,0.8905868665702589,6.286161868664979
2022-03-28,4.045331633939904,1.6584379931380193,6.811167471284542
2022-04-04,4.609314888487755,1.7442516693211685,7.292038867333737
2022-04-11,4.9306864411375395,2.1954580042473597,7.8618504843910495
2022-04-18,4.9775371042371335,2.3012477458260236,7.711248527560111
2022-04-25,4.958492549388809,2.4136256254094954,7.746304373790457
2022-05-02,4.991295777839885,2.4821544467809344,7.7335609268706085
2022-05-09,4.970697517677921,2.1550049127808606,7.729532965142483
2022-05-16,4.768313115984004,2.0828618073788925,7.431494740270373
2022-05-23,4.478296376039558,1.7127996360369158,7.189579385181788
2022-05-30,4.375600359499418,1.4072411858104312,6.839780433021286
2022-06-06,4.614417880220278,1.9760699923874336,7.3011345122073115
2022-06-13,5.016806096230608,2.2606934971340595,7.883951600612291
2022-06-20,5.206978569022938,2.4991881221520535,7.931309751635929
2022-06-27,4.960754753208805,2.340607918741666,7.744235619369738
2022-07-04,4.412491732593487,1.7497650242480949,7.154024720469972
2022-07-11,3.9299817176961818,1.1545731074936927,6.555411625906533
2022-07-18,3.8099334782784506,1.093672324428474,6.603714043615408
2022-07-25,4.084243666076852,1.3210286610867432,6.635835518411391
2022-08-01,4.561493893482147,1.9801875329389165,7.277921310702933
2022-08-08,4.996077169586534,2.3100636266548475,7.687498671000362
2022-08-15,5.223280712953737,2.3231735347627387,7.679914663527153
2022-08-22,5.206379201709128,2.5619984766892143,7.753916232119383
2022-08-29,5.028766154118857,2.2985849263873837,7.69182746793317
2022-09-05,4.8488439154934975,2.1448291692301633,7.463246219510055
2022-09-12,4.808666920828069,2.157484337107732,7.584898091134478
2022-09-19,4.932792809806221,2.30772529641811,7.594044441638907
2022-09-26,5.106880552900825,2.687882267529219,7.925661901198195
2022-10-03,5.17577295388284,2.4417315165803033,8.0512765608633
2022-10-10,5.076803088707698,2.2296790488553606,7.775996483685255
2022-10-17,4.879438524190505,2.0314469659399297,7.438967827290751
2022-10-24,4.706534477171064,2.0108334815436963,7.45740464967094
2022-10-31,4.640166312800692,1.8131204254313094,7.2923011671365465
2022-11-07,4.704675515502228,2.1543358897366667,7.2992212578335165
2022-11-14,4.894971710339593,2.1673275314339424,7.616485079173497
2022-11-21,5.161931285537278,2.342968126189177,7.783052210800607
2022-11-28,5.365077479023455,2.8963020144079343,8.047394299665688
2022-12-05,5.309273100043365,2.4332755934202877,7.8614517522340455
2022-12-12,4.910653814091742,2.1764844027855816,7.566119950793841
2022-12-19,4.341543601906747,1.6120581722640426,7.101421092088964
2022-12-26,3.9503282758445923,1.2372457918808881,6.761192194409225
2023-01-02,3.9717279294348917,1.3839002124335529,6.680357305164337
2023-01-09,4.310674993903984,1.5747838459926835,6.934109131086589
2023-01-16,4.652917269305928,1.9686075472423727,7.356289252884768
2023-01-23,4.805237911653638,2.0199200446907852,7.4166514087836
2023-01-30,4.886029133177431,2.114812799435692,7.465380074627404
2023-02-06,5.132879409225739,2.4752311798064066,7.856497252943188
2023-02-13,5.538450720177017,2.923003835993376,8.429856404013393
2023-02-20,5.756103143501499,3.0658445681284623,8.364143411692561
2023-02-27,5.432741893772739,2.788182686843461,8.165318621697525
2023-03-06,4.627525757939737,1.891439386162618,7.372861070902557
2023-03-13,3.8402867854761413,1.2842874999466316,6.56305999789526
2023-03-20,3.582821721671716,0.6935690865586278,6.47456549839672
2023-03-27,3.9285520120171635,1.0456335717119012,6.456574056858255
2023-04-03,4.500463299362673,1.7262091714377075,7.2514918878088075
2023-04-10,4.8770625473205715,2.074270402371726,7.390557027452466
2023-04-17,4.959945902911392,2.400537458685775,7.735927933231759
2023-04-24,4.937685316492853,2.349055905865786,7.453967387890902
2023-05-01,4.963512406400406,2.3443956420610803,7.670951522647179
2023-05-08,4.965303873042013,2.3194823693720976,7.599691686660845
2023-05-15,4.7971814132758315,2.046008043847557,7.68142088571111
2023-05-22,4.505857654197253,1.6983139378740573,7.230171259784539
2023-05-29,4.351199399395218,1.595189389425083,6.912534947861206
2023-06-05,4.531390270837265,1.8612828729441728,7.117721670406301
2023-06-12,4.929036036946632,2.250870956430893,7.532042453420591
2023-06-19,5.181317047713562,2.438739968926641,8.09921317649073
2023-06-26,5.014424342606868,2.304661050860294,7.888944057473501
2023-07-03,4.498214326257462,1.753941870651377,7.196551788652463
2023-07-10,3.978481426188208,1.2876840381174093,6.830766976656885
2023-07-17,3.7838212272031724,1.2529350897635625,6.535497680590681
2023-07-24,3.9964205839289564,1.352366846321165,6.582951373958385
2023-07-31,4.45425159770751,1.889211032796139,7.090709486137502
2023-08-07,4.91003152462017,2.3143743798663263,7.799079466209103
2023-08-14,5.179619276468114,2.552200045978942,7.797804602976155
2023-08-21,5.203201939433391,2.381695342115949,7.636320669020258
2023-08-28,5.044557079082776,2.3575312957645003,7.755880722456483
2023-09-04,4.8534679366865285,1.9842145834127385,7.749665065834827
2023-09-11,4.782463766028096,2.146013946470035,7.371170084077847
2023-09-18,4.881896255580997,2.087227763814087,7.4812326845648425
2023-09-25,5.058460258460111,2.590117462589854,7.901824144608976
2023-10-02,5.154314586286277,2.5600933179164818,7.671504677085619
2023-10-09,5.083796807775895,2.4378966785499587,7.7905584109803
2023-10-16,4.895800218328213,2.083231958684414,7.659738995036827
2023-10-23,4.711358441864714,2.1473607653962343,7.505277507462978
2023-10-30,4.623263772803599,1.7571836000647403,7.250255206766162
2023-11-06,4.66397238168797,2.0409796439064856,7.189154998431389
2023-11-13,4.83274326991691,2.2463539649155915,7.660090501073737
2023-11-20,5.092258710970796,2.5387803077635622,7.824172213649143
2023-11-27,5.320187795781179,2.593618580359069,8.111479029500856
2023-12-04,5.32264255318587,2.4913393529728727,7.9221004569054685
2023-12-11,4.982002038750674,2.3566359871241676,7.5838567097434
2023-12-18,4.422064531472203,1.4917200553245047,6.951492427773275
2023-12-25,3.976236010627488,1.1327075705244485,6.657700705881311
2024-01-01,3.920971440477663,1.4203334332873006,6.602201489230508
2024-01-08,4.222706960357665,1.3779350870767437,6.989566699589538
2024-01-15,4.584950099634883,1.770267139134528,7.348393545983615
2024-01-22,4.770370755112077,1.9822999335802423,7.47746522859763
2024-01-29,4.8446379587018535,2.0333060362144164,7.354271714576322
2024-02-05,5.050617331438916,2.2710877060752077,7.720961658184334
2024-02-12,5.44414446051153,2.624323514984225,8.081220624589685
2024-02-19,5.726360141098462,3.0930763839155864,8.55725833718607
2024-02-26,5.511570342676075,2.663547126588975,8.122129945909883
2024-03-04,4.767817863178746,2.110707286127887,7.6643482178763955
2024-03-11,3.936280628043646,1.2116700766838633,6.673250781258794
2024-03-18,3.5643937270615695,0.9027523189910739,6.061073606792093
2024-03-25,3.8198836236524634,1.0439599510789348,6.508783929236841
2024-04-01,4.38516086320022,1.6751656906062948,7.146831299575868
2024-04-08,4.813536350516846,2.1600581083361137,7.525810472189859
2024-04-15,4.939140948147333,2.3988766779709807,7.625201554516301
2024-04-22,4.919130666897499,2.020475141269913,7.737091112969464
2024-04-29,4.93526186109351,2.3008483744292274,7.6313709877308336
2024-05-06,4.953789262213688,2.15516802797978,7.601229312719063
2024-05-13,4.821060060946771,2.108966466749421,7.504875052243935
2024-05-20,4.537539874382517,1.7454970435264068,7.32424002416472
2024-05-27,4.3384270784066175,1.7630290190032853,6.920095377603864
2024-06-03,4.456538941645256,1.8892813502968444,7.390484495934661
2024-06-10,4.836946762510322,2.2630580198472963,7.532023638195952
2024-06-17,5.141365949824371,2.46690591687942,7.973174922343417
2024-06-24,5.055585698995842,2.2672425558255744,7.8218993340789895
2024-07-01,4.583030962733231,1.9159672527722564,7.327379095646682
2024-07-08,4.037488425811405,1.467851969894651,6.638686912636614
2024-07-15,3.7714114332713007,1.1682669064136888,6.619435232609502
2024-07-22,3.91718455425755,1.3166456910420645,6.620665431492765
2024-07-29,4.3474839743043185,1.3018745624626857,7.097061162005905
2024-08-05,4.818280864504411,2.101083396679489,7.650376244805112
2024-08-12,5.128003938830453,2.5390414875704272,7.716781908187006
2024-08-19,5.193845911667302,2.6012364409612188,7.878409303642121
2024-08-26,5.058991886736563,2.363100430325192,7.841770808389991
2024-09-02,4.861982847870399,2.269874607927616,7.624286547742895
2024-09-09,4.762142094835357,1.9777953604205236,7.42147343103271
2024-09-16,4.833893120041064,2.0173320152047376,7.565168049175685
2024-09-23,5.007488822826634,2.334001651181269,7.72514261630772
2024-09-30,5.127176033703707,2.1541799555129613,7.756657192077804
2024-10-07,5.0866261044363075,2.2439656048734444,7.707810907422228
2024-10-14,4.9120722348082975,2.214297374909782,7.488846997719135
2024-10-21,4.719218462352742,2.0056121038425867,7.189147287185765
2024-10-28,4.610500507441331,1.971678092419071,7.364874524867646
2024-11-04,4.627581751116486,2.103907419341141,7.418893401150106
2024-11-11,4.773987142797685,2.061351457695642,7.131433166317438
2024-11-18,5.022228666445413,2.488035951799963,7.5478508146553365
2024-11-25,5.2681453554589615,2.6172203278565203,7.907636795688209
2024-12-02,5.324123705630841,2.747619824968109,8.029693023176696
2024-12-09,5.044981817224049,2.5023081144412864,7.6168255720588505
2024-12-16,4.505530540717349,1.7993375545878891,7.258903747111481
2024-12-23,4.015108148759806,1.3115733698915244,6.521243036908751
2024-12-30,3.8826273549127905,0.8899949252224201,6.621110914362961
2025-01-06,4.137064789779451,1.5428897468267426,6.71145851148187
2025-01-13,4.510844486243711,1.9004059815191872,7.241978557834334
2025-01-20,4.731542236580245,2.2918596120486345,7.38459622574291
2025-01-27,4.808163956241197,1.943002197142206,7.45158762291362
2025-02-03,4.975911027980237,2.2692658580024125,7.6098018999006785
2025-02-10,5.34719721417407,2.730797647661193,8.08110549244614
2025-02-17,5.679845939813752,2.9963608186544977,8.26594188132094
2025-02-24,5.571338611877685,2.9396122830294322,8.332159013138476
2025-03-03,4.903663769580298,2.1965071975391592,7.5268117635522005
2025-03-10,4.047062007283301,1.2460381460740968,6.6318491103139285
2025-03-17,3.5673497971188635,0.8820834384098859,6.191588382563085
2025-03-24,3.7221748750337116,0.9620853206560447,6.42737139943737
2025-03-31,4.265444982491506,1.405476274777742,6.9026980600249095
2025-04-07,4.7397894056552525,2.097958222736821,7.509167400580647
2025-04-14,4.9136785625727795,2.104334553683243,7.572708692109335
2025-04-21,4.902402391066213,2.230361341016183,7.5218356936240465
2025-04-28,4.907532646968848,2.1225872494119336,7.464848969330937
2025-05-05,4.936916442303596,2.2194558776923095,7.5211128313483995
2025-05-12,4.839045965290848,2.3050696433541944,7.643513693551976
2025-05-19,4.571464102240332,1.7950245954847768,7.224877343908075
2025-05-26,4.336540380112375,1.6253763619504427,6.86435626263236
2025-06-02,4.391336456902337,1.7143867577771605,7.078445463443384
2025-06-09,4.74297513410995,1.985538738157913,7.713073090953852
2025-06-16,5.088239940346307,2.3468334142530995,7.684287205890471
2025-06-23,5.083043778583025,2.4647755289779574,7.7092641504805135
2025-06-30,4.664571741012466,1.802618857547448,7.363902287715063
2025-07-07,4.10538964364329,1.4979012751236918,6.756124262427214
2025-07-14,3.7727859856853505,1.156002774898217,6.356565445282949
2025-07-21,3.847806661837152,1.4317035325100866,6.426549389869005
2025-07-28,4.242597193482088,1.6319029615882226,7.012248808982362
2025-08-04,4.721685191576024,2.21282509753006,7.510372890598724
2025-08-11,5.068563739323502,2.3418126220239626,7.963823317773894
2025-08-18,5.177752463753035,2.5086810425418826,8.036734732397376
2025-08-25,5.071085773060832,2.2873569743381106,7.708365054460001
2025-09-01,4.873574322824948,2.0692781208342472,7.561943612587484
2025-09-08,4.747688552412001,2.1599189767477225,7.460662672515047
2025-09-15,4.789608535036453,2.3594375512065557,7.740564558049649
2025-09-22,4.954907819964403,2.233221397465308,7.843462403890885
2025-09-29,5.094603869918134,2.351145714633134,7.75480489292123
2025-10-06,5.084745087626417,2.237684599581383,7.950984093253758
2025-10-13,4.927514516445077,2.38440566573406,7.762671186676906
2025-10-20,4.729705447417287,1.973624796844341,7.3798833386727605
2025-10-27,4.601765587051781,1.791898527309986,7.255553594021322
2025-11-03,4.595491309497006,1.9545262993845058,7.282839759516634
2025-11-10,4.718997220346782,1.8873280122754372,7.373929191240457
2025-11-17,4.952805220791013,2.0798572197460428,7.849749239057944
2025-11-24,5.210240992368197,2.474198231001888,8.031764703288072
2025-12-01,5.314137133476215,2.6976520636286434,8.058716797094679
2025-12-08,5.098285746392056,2.3960035018706045,7.72139594618115
2025-12-22,4.065703342757514,1.424369024531203,6.825671787701178
2025-12-29,3.8576429724174397,1.2894160401899515,6.47529705930907
2026-01-05,4.055796542556702,1.2934353826659566,6.801207839407959
2026-01-12,4.4314770741544995,1.6479812596146728,6.949804469183763
2026-01-19,4.68759321700102,1.920304909835758,7.437117502605939
2026-01-26,4.775080578570344,2.1030176394558397,7.399812970849745
2026-02-02,4.909204318336564,2.0403832753294364,7.755923296754499
2026-02-09,5.250164670086572,2.6841199820205572,8.000170602561113
2026-02-16,5.618686864673701,2.8415559129202843,8.178005327957642
2026-02-23,5.611198704909508,2.9621543012789853,8.309715010174926
2026-03-02,5.0316114226636275,2.1591982388110176,7.552773201831446
2026-03-09,4.169657555685886,1.5006042659446814,6.72488971861808
2026-03-16,3.591795944158586,1.0071104138752425,6.480248410347303
2026-03-23,3.638086357397679,0.9077959791169278,6.360697911376065
2026-03-30,4.14368048371771,1.5586818452559694,6.968186156319792
2026-04-06,4.655906245022316,1.8423360577485068,7.3203775363494685
2026-04-13,4.882151866316596,2.163950014454404,7.58838656098672
2026-04-20,4.886794481315043,2.1576272409504558,7.5432552325487245
2026-04-27,4.881140434632213,2.139295741257574,7.653468236110589
2026-05-04,4.915633866828055,2.1376141484037046,7.779376858263434
2026-05-11,4.850556081302841,2.141111709821996,7.694370061268946
2026-05-18,4.605791071674568,1.85503372486015,7.165456376580818
2026-05-25,4.344458467199508,1.6774036889999164,7.0322583760451405
2026-06-01,4.336883458043541,1.6850256370368315,7.200134452000467
2026-06-08,4.6495472242907985,2.0739038316496354,7.199089366580454
2026-06-15,5.0234202226545435,2.292994963001688,7.770865115033884
2026-06-22,5.09599180668547,2.4832537885178385,8.074698500277007
2026-06-29,4.740541829210161,2.0406760660282526,7.450390607567033
2026-07-06,4.180331734551212,1.561685379835224,6.900037357259612
2026-07-13,3.787727914550085,0.9521824479712486,6.589655544806101
2026-07-20,3.7894187678380646,0.9426546675031595,6.429239832936672
2026-07-27,4.141035489760805,1.4341720734099257,7.022321159360273
2026-08-03,4.621223887135537,2.033678184442431,7.211106037320892
2026-08-10,5.001560066274401,2.361078808795192,7.89417205759833
2026-08-17,5.1544790066019,2.4736057573603762,7.95211839051769
2026-08-24,5.079900851056818,2.3202604659997994,7.5401024527879805
2026-08-31,4.887349122269988,2.146319254526574,7.590271272939831
2026-09-07,4.7389214945975064,2.0921971468356815,7.495993096914401
2026-09-14,4.749751627776345,1.883958178682764,7.398498469051284
2026-09-21,4.901704989730971,2.3404178050289257,7.679178682929247
2026-09-28,5.057002238817302,2.4319441623433153,7.713045082328452
2026-10-05,5.077720668029718,2.3110515401671057,7.671658089139585
2026-10-12,4.941374220486792,2.4973596552436903,7.579975292571797
2026-10-19,4.742340827829623,1.8783693431778155,7.411276893059933
2026-10-26,4.596915784529122,1.9554513986053532,7.502365638622531
2026-11-02,4.56767128254865,1.9404142868936904,7.125948952582041
2026-11-09,4.667979384527511,2.099549763468695,7.25268659485574
2026-11-16,4.884824966421336,2.0826419955099915,7.720586921301085
2026-11-23,5.1477750734804735,2.524967141677685,7.803029103881772
2026-11-30,5.293351990264996,2.8552078677080655,7.956176626556597
2026-12-07,5.140918362530497,2.3846109432618237,7.869683836842522
2026-12-14,4.672277949506118,1.8596252876224213,7.503172226086118
2026-12-21,4.126464660360887,1.493936112592745,6.840028470746046
2026-12-28,3.8465851470345642,1.2363752836167998,6.361324990214268
2027-01-04,3.9809104520653484,1.2753165643520061,6.868403666066112
2027-01-11,4.348064329100548,1.6278070621146297,6.790484564365833
2027-01-18,4.637674362856062,2.0751515521391215,7.482264025782566
2027-01-25,4.743740052316258,2.142467741822253,7.447321055671746
2027-02-01,4.850488081215676,2.325397781784571,7.623346141103018
2027-02-08,5.1553462312232154,2.592406741353992,7.69347288894869
2027-02-15,5.545311356705209,3.0093313796265604,8.164926212664414
2027-02-22,5.6309132289850385,2.824428743002708,8.195639755973264
2027-03-01,5.148507680979311,2.5400094949248455,7.895844124231478
2027-03-08,4.300767781747343,1.5313157688663142,6.970493231611029
2027-03-15,3.637225814958,0.7539005422895401,6.184947154561743
2027-03-22,3.5699908390415733,1.0546046466660743,6.27023207306881
2027-03-29,4.022486635189337,1.4049747079031416,6.7078486234431365
2027-04-05,4.5623989870157775,1.8487896121853296,7.274143086747996
2027-04-12,4.843267292322457,2.1208663433114845,7.468961268064565
2027-04-19,4.871350514652229,1.9608352271203167,7.535548360651616
2027-04-26,4.856677614645069,2.093149204820524,7.463395973867542
2027-05-03,4.891012650431321,2.1545509446172173,7.497635881495801
2027-05-10,4.855332519962237,2.1379821125917564,7.4495608278009975
2027-05-17,4.638790591522988,1.9816955043891293,7.462116387479866
2027-05-24,4.360814332320459,1.4861159365371321,7.05881358999321
2027-05-31,4.293880029767526,1.3132383775340795,6.933870925837895
2027-06-07,4.558996988569317,1.685891324891143,7.214155527832939
2027-06-14,4.948703025415227,2.2171413138679714,7.803497765155591
2027-06-21,5.094034706021347,2.2485871865180256,7.767986527339312
2027-06-28,4.80878612781189,2.006137844334004,7.358042582520041
2027-07-05,4.260261598236176,1.581057407320357,6.956476090325561
2027-07-12,3.815710710589584,1.2521615736313534,6.423251257439745
2027-07-19,3.7429768365797176,1.090109242575042,6.452687977400084
2027-07-26,4.044253422782319,1.4799157055227716,6.658399148060505
2027-08-02,4.517985280521471,1.6989431227779308,6.816930961444285
2027-08-09,4.927383836661818,2.3422124464949343,7.6104079353781
2027-08-16,5.123701857401281,2.3067817416451906,7.950971442471406
2027-08-23,5.084561373613316,2.544138920400713,7.898330626538647
2027-08-30,4.902356953046213,2.2011850268424453,7.914851383026844
2027-09-06,4.735497239280254,2.1803717474947315,7.488993470102668
2027-09-13,4.714893491532404,2.089845133648165,7.260611521476813
2027-09-20,4.848881846320206,2.1213075197592413,7.615414079160363
2027-09-27,5.014921116674321,2.271067820804989,7.8061451568884594
2027-10-04,5.065248561601519,2.385733445333047,7.671174693747099
2027-10-11,4.952905084405139,2.2396756746727755,7.458537719162937
2027-10-18,4.756576803136165,2.061211605838948,7.437205215385899
2027-10-25,4.595765335458476,1.7183005052980715,7.277430229345342
2027-11-01,4.544077261855759,1.7631885652156534,7.143795642240107
2027-11-08,4.621066115537887,1.8353848215255597,7.320991045895319
2027-11-15,4.818992704345067,2.23691797595963,7.588955225429246
2027-11-22,5.082018263721069,2.3477845381776414,7.746421338475567
2027-11-29,5.262645358725892,2.602349181289018,8.085179947032026
2027-12-06,5.172206481171317,2.5144286537939116,8.103691963573274
2027-12-13,4.75123621821099,2.0719176741737715,7.294636870680521
2027-12-20,4.195573440549929,1.2433031995897779,6.971346914276182
2027-12-27,3.8496193541216868,1.028761134696301,6.571994868620302
